dataset_name,method_name,ARI,Purity,RI,NMI,Runtime
UCR_CBF,BURST_GEN_KMeans_2S,0.25553248850364874,0.6284348864994026,0.6675241378127627,0.3183788448522461,0.7971055507659912
UCR_FaceAll,BURST_GEN_KMeans_2S,0.027015452343623507,0.08345679012345679,0.5864636705216415,0.08461306358425771,0.3702859878540039
UCR_TwoPatterns,BURST_GEN_KMeans_2S,0.022315798096969576,0.3348888888888889,0.6237816798794794,0.023075610256175688,0.4780738353729248
generate_synthetic_data,BURST_GEN_KMeans_2S,0.6069188075156712,0.5619047619047619,0.8160648043000984,0.7703547450876173,0.09597301483154297
generate_2_3_2new,BURST_GEN_KMeans_2S,0.7687078590955093,0.8634920634920635,0.9204885557826734,0.801254450186167,0.07078289985656738
UCR_ShakeGestureWiimoteZ,BURST_GEN_KMeans_2S,0.002535743637745472,0.1111111111111111,0.4771535580524345,0.09997723811040474,0.02686905860900879
UCR_ACSF1,BURST_GEN_KMeans_2S,0.023735166495215853,0.18888888888888888,0.4208566108007449,0.16189763813825844,0.08252501487731934
UCR_PickupGestureWiimoteZ,BURST_GEN_KMeans_2S,0.07768409512125088,0.14444444444444443,0.6034956304619226,0.24398381593445784,0.027159929275512695
UCR_GestureMidAirD3,BURST_GEN_KMeans_2S,0.04862634615111239,0.07540983606557378,0.6252157031924073,0.23893199239100577,0.06784915924072266
UCR_AllGestureWiimoteY,BURST_GEN_KMeans_2S,0.03533901844831419,0.10222222222222223,0.5149005067358794,0.07083431715946724,0.17815327644348145
UCR_GestureMidAirD1,BURST_GEN_KMeans_2S,0.048863230966825565,0.10491803278688525,0.6283865401207938,0.3285561497081322,0.07174515724182129
UCR_GestureMidAirD2,BURST_GEN_KMeans_2S,0.056434407273925895,0.07868852459016394,0.6561044003451251,0.2775318729304177,0.06916165351867676
UCR_AllGestureWiimoteX,BURST_GEN_KMeans_2S,0.03791815183512108,0.11,0.501905821282907,0.07467328580741722,0.16042661666870117
UCR_AllGestureWiimoteZ,BURST_GEN_KMeans_2S,0.0,0.07777777777777778,0.10122358175750834,0.0,0.1885221004486084
UCR_DodgerLoopDay,BURST_GEN_KMeans_2S,0.15528766691783302,0.2937062937062937,0.50635280212745,0.40004764232642426,0.05489993095397949
UCR_Worms,BURST_GEN_KMeans_2S,0.037048160908554485,0.3605150214592275,0.4524567115583839,0.043309970257075364,0.06944608688354492
UCR_EOGVerticalSignal,BURST_GEN_KMeans_2S,0.03421881571318669,0.11809815950920245,0.43224204385890513,0.10931460093493468,0.17646479606628418
UCR_SemgHandMovementCh2,BURST_GEN_KMeans_2S,0.0,0.09259259259259259,0.17250377695371516,0.0,0.21552562713623047
UCR_EOGHorizontalSignal,BURST_GEN_KMeans_2S,0.09433779135587742,0.15337423312883436,0.5841838417536023,0.26755513132257236,0.29244065284729004
UCR_SyntheticControl,BURST_GEN_KMeans_2S,0.2222147899093387,0.19074074074074074,0.5797911083625369,0.4220055484646919,0.08261775970458984
UCR_Beef,BURST_GEN_KMeans_2S,0.0832072617246596,0.4444444444444444,0.7176799440950384,0.26773521128662053,0.01878046989440918
UCR_Adiac,BURST_GEN_KMeans_2S,0.011097387488870668,0.02844950213371266,0.2500962500962501,0.19290219630939967,0.12351226806640625
UCR_RefrigerationDevices,BURST_GEN_KMeans_2S,0.0001958143413024896,0.37037037037037035,0.3435410484668645,0.00010845505190233912,0.28948473930358887
UCR_LargeKitchenAppliances,BURST_GEN_KMeans_2S,-0.00025963120500034864,0.37037037037037035,0.3413605890757226,0.0026865050998081527,0.26433658599853516
UCR_Meat,BURST_GEN_KMeans_2S,0.2475071487217236,0.8240740740740741,0.7133956386292835,0.4471124364409676,0.046022891998291016
UCR_ScreenType,BURST_GEN_KMeans_2S,0.0,0.25925925925925924,0.3405868776788658,0.0,0.2935061454772949
UCR_OliveOil,BURST_GEN_KMeans_2S,0.1455178420427418,0.7037037037037037,0.6708595387840671,0.35941259777715384,0.021487712860107422
UCR_MixedShapesRegularTrain,BURST_GEN_KMeans_2S,0.19578202373089906,0.43828332700341815,0.6113500381526499,0.23662620671716894,0.5556211471557617
UCR_SmallKitchenAppliances,BURST_GEN_KMeans_2S,-0.00025963120500034864,0.25925925925925924,0.3413605890757226,0.0026865050998081527,0.26711606979370117
UCR_DistalPhalanxTW,BURST_GEN_KMeans_2S,0.6306503353842916,0.7119341563786008,0.8416019685206397,0.5440305030889011,0.11238598823547363
UCR_MiddlePhalanxTW,BURST_GEN_KMeans_2S,0.38619947277240474,0.4979919678714859,0.7553433048087723,0.32870544428206605,0.06413984298706055
UCR_SmoothSubspace,BURST_GEN_KMeans_2S,0.13014817178188703,0.4111111111111111,0.5288999036210932,0.17131011924677897,0.054141998291015625
UCR_Phoneme,BURST_GEN_KMeans_2S,-0.0017985320484439314,0.025803054239073198,0.23899606636735768,0.013778584386305304,0.2821168899536133
UCR_Rock,BURST_GEN_KMeans_2S,0.08566966326375133,0.4444444444444444,0.6098310291858678,0.19622259515761223,0.02947545051574707
UCR_Coffee,BURST_GEN_KMeans_2S,0.27639943197448347,0.8823529411764706,0.6407843137254902,0.44058316708763795,0.018137216567993164
UCR_Computers,BURST_GEN_KMeans_2S,0.0,0.4444444444444444,0.5050730017322445,0.0,0.24073529243469238
UCR_Plane,BURST_GEN_KMeans_2S,0.14563223132094322,0.47619047619047616,0.5997973657548126,0.49622863535489437,0.08974623680114746
UCR_GunPointMaleVersusFemale,BURST_GEN_KMeans_2S,0.10374589652379153,0.7832512315270936,0.5517363011615886,0.22584136456280182,0.0698089599609375
UCR_BirdChicken,BURST_GEN_KMeans_2S,0.022566995768688293,0.6111111111111112,0.5111111111111111,0.030717020316846016,0.015047550201416016
UCR_Wine,BURST_GEN_KMeans_2S,0.00965052207380175,0.66,0.5060606060606061,0.09400394363856564,0.03002023696899414
UCR_ElectricDevices,BURST_GEN_KMeans_2S,-0.003601728010602622,0.2600507546413784,0.26284042499507887,0.056077593843692694,1.22995924949646
UCR_FaceFour,BURST_GEN_KMeans_2S,0.0,0.1782178217821782,0.2528712871287129,0.0,0.029354333877563477
UCR_WordSynonyms,BURST_GEN_KMeans_2S,0.0,0.020858895705521473,0.08873547278455254,0.0,0.18237972259521484
UCR_HouseTwenty,BURST_GEN_KMeans_2S,0.0,0.5138888888888888,0.49689199689199687,0.0,0.05267453193664551
UCR_BeetleFly,BURST_GEN_KMeans_2S,0.0,0.4444444444444444,0.49206349206349204,0.0,0.015122413635253906
UCR_SemgHandGenderCh2,BURST_GEN_KMeans_2S,0.0,0.5555555555555556,0.5055624227441285,0.0,0.15692591667175293
UCR_Lightning7,BURST_GEN_KMeans_2S,0.0,0.12403100775193798,0.15661337209302326,0.0,0.06673359870910645
UCR_GunPointAgeSpan,BURST_GEN_KMeans_2S,0.1491893617414843,0.7610837438423645,0.5731557501672444,0.1896931347057891,0.0694427490234375
UCR_Car,BURST_GEN_KMeans_2S,0.07002980626176959,0.49074074074074076,0.6618206992038768,0.1775975513319189,0.034529924392700195
UCR_GunPointOldVersusYoung,BURST_GEN_KMeans_2S,0.04447476897986259,0.6748768472906403,0.5210241440126497,0.19850614885954085,0.06673955917358398
UCR_WormsTwoClass,BURST_GEN_KMeans_2S,-0.021509126604297685,0.6394849785407726,0.4989640372946574,0.011386167169789563,0.06909871101379395
UCR_BME,BURST_GEN_KMeans_2S,0.15295736453831218,0.5617283950617284,0.5737290085116172,0.24016047814769023,0.05030202865600586
UCR_InsectEPGRegularTrain,BURST_GEN_KMeans_2S,0.08628368762706684,0.5678571428571428,0.59905273937532,0.13296517044776013,0.06995725631713867
UCR_UMD,BURST_GEN_KMeans_2S,0.09171195819796397,0.5864197530864198,0.590905605398359,0.2282313933321774,0.050896406173706055
UCR_Ham,BURST_GEN_KMeans_2S,-0.009319826534074508,0.42487046632124353,0.49838082901554404,0.09537075490429944,0.0586237907409668
UCR_ShapesAll,BURST_GEN_KMeans_2S,0.01837491885908112,0.012962962962962963,0.5029554113891463,0.16148775673164614,0.27796244621276855
UCR_PigAirwayPressure,BURST_GEN_KMeans_2S,0.0,0.014234875444839857,0.01626842907981698,0.0,0.10461306571960449
UCR_PigCVP,BURST_GEN_KMeans_2S,0.0,0.014234875444839857,0.01626842907981698,0.0,0.10062074661254883
UCR_PigArtPressure,BURST_GEN_KMeans_2S,0.0031084522626477896,0.02491103202846975,0.4706151499745806,0.07072394531922178,0.10499143600463867
UCR_FiftyWords,BURST_GEN_KMeans_2S,0.029961829591349545,0.1668711656441718,0.5149635971721861,0.09367597400964713,0.26227355003356934
UCR_Crop,BURST_GEN_KMeans_2S,0.0940043477432505,0.07305555555555555,0.6973835251289069,0.31474128834602266,1.52293062210083
UCR_PLAID,BURST_GEN_KMeans_2S,0.02553684019328784,0.12616339193381593,0.4975966736678935,0.10967836677805169,0.4229402542114258
UCR_CricketY,BURST_GEN_KMeans_2S,0.0,0.08547008547008547,0.0821089936639152,0.0,0.3078627586364746
UCR_Symbols,BURST_GEN_KMeans_2S,0.1523843354095224,0.1786492374727669,0.5463610380538984,0.3050792605603737,0.2700014114379883
UCR_ProximalPhalanxTW,BURST_GEN_KMeans_2S,0.6115915648061199,0.7339449541284404,0.8200013491635186,0.5689951451744154,0.09667515754699707
UCR_Fungi,BURST_GEN_KMeans_2S,0.12132451513928276,0.28804347826086957,0.6509265858873842,0.5215169952082079,0.056998491287231445
UCR_CricketX,BURST_GEN_KMeans_2S,0.017107092486497832,0.13675213675213677,0.5091261567723765,0.042849248839385824,0.15573883056640625
UCR_Earthquakes,BURST_GEN_KMeans_2S,0.0,0.8,0.6792270531400966,0.0,0.21808981895446777
UCR_GesturePebbleZ1,BURST_GEN_KMeans_2S,0.3045519398024261,0.33941605839416056,0.6860244378492554,0.5213941900239796,0.0864708423614502
UCR_DodgerLoopWeekend,BURST_GEN_KMeans_2S,0.9510822358442806,0.993006993006993,0.9761646803900325,0.9102950963749695,0.0414433479309082
UCR_EthanolLevel,BURST_GEN_KMeans_2S,0.00014356143166135502,0.27654867256637167,0.5264335205166651,0.006857877005803015,0.3569681644439697
UCR_ECG5000,BURST_GEN_KMeans_2S,0.6123734687287483,0.8731111111111111,0.8074590402805562,0.4553437470411844,0.3850548267364502
UCR_UWaveGestureLibraryY,BURST_GEN_KMeans_2S,0.2388941701934113,0.3416025800049616,0.7463500304402666,0.34159803993482657,0.3823366165161133
UCR_FacesUCR,BURST_GEN_KMeans_2S,0.03565114630809703,0.1017283950617284,0.5156038647342995,0.07576172078892804,0.298903226852417
UCR_CinCECGTorso,BURST_GEN_KMeans_2S,0.01535918129729856,0.31768388106416273,0.5077996036779276,0.015821943449346447,0.33281898498535156
UCR_Herring,BURST_GEN_KMeans_2S,-0.011652182855967502,0.5948275862068966,0.49145427286356824,0.0198898383915404,0.03605198860168457
UCR_Mallat,BURST_GEN_KMeans_2S,0.40726679768740354,0.37824074074074077,0.7756814711886504,0.6463603438472509,0.33597540855407715
UCR_OSULeaf,BURST_GEN_KMeans_2S,0.0039669346244030545,0.1934673366834171,0.473235193600243,0.02686052995710441,0.1949479579925537
UCR_InlineSkate,BURST_GEN_KMeans_2S,0.004500659506599549,0.21196581196581196,0.542594543964407,0.04686037762301458,0.3518960475921631
UCR_MixedShapesSmallTrain,BURST_GEN_KMeans_2S,0.11802328133906277,0.44478662560492743,0.5030044986150958,0.30015177539102006,0.5517675876617432
UCR_HandOutlines,BURST_GEN_KMeans_2S,0.2153745038412657,0.7477696674776967,0.6191384649413847,0.1444101013221036,0.4514169692993164
UCR_Fish,BURST_GEN_KMeans_2S,0.044224545541819656,0.24126984126984127,0.4720857345061167,0.12118236653240444,0.09695959091186523
UCR_MoteStrain,BURST_GEN_KMeans_2S,0.0,0.5397379912663756,0.5027239136409442,0.0,0.312838077545166
UCR_ProximalPhalanxOutlineCorrect,BURST_GEN_KMeans_2S,0.00378299714885446,0.6783042394014963,0.47556203125145935,0.0733309108756118,0.09567523002624512
UCR_PhalangesOutlinesCorrect,BURST_GEN_KMeans_2S,-0.005374422387132896,0.6631842875052236,0.48104351180351834,0.025747954629416907,0.25449466705322266
UCR_ChlorineConcentration,BURST_GEN_KMeans_2S,0.012202065699091063,0.5434614392571576,0.40470566408282765,0.029999286819069524,0.37248682975769043
UCR_ToeSegmentation1,BURST_GEN_KMeans_2S,-0.0016362533051423774,0.5247933884297521,0.4991598367682864,0.0023177384559662055,0.05992460250854492
UCR_CricketZ,BURST_GEN_KMeans_2S,0.0,0.08831908831908832,0.08213337885235175,0.0,0.1297457218170166
UCR_SonyAIBORobotSurface2,BURST_GEN_KMeans_2S,0.017264776397736707,0.6281179138321995,0.5322981254552521,0.028542221219648636,0.09604120254516602
UCR_TwoLeadECG,BURST_GEN_KMeans_2S,0.004582532251479991,0.5449330783938815,0.5024820002378622,0.007532362682548499,0.13547015190124512
UCR_UWaveGestureLibraryX,BURST_GEN_KMeans_2S,0.15179352616836553,0.1431406598858844,0.5676222673781912,0.28872676577119066,0.4449326992034912
UCR_DiatomSizeReduction,BURST_GEN_KMeans_2S,0.3583683084320534,0.6448275862068965,0.6944278725689058,0.5279564433536293,0.07068252563476562
UCR_ProximalPhalanxOutlineAgeGroup,BURST_GEN_KMeans_2S,0.3500161275401217,0.7871559633027523,0.698313545601727,0.4432028240032206,0.0701913833618164
UCR_InsectWingbeatSound,BURST_GEN_KMeans_2S,0.0,0.09090909090909091,0.09044972208185953,0.0,0.33873414993286133
UCR_UWaveGestureLibraryAll,BURST_GEN_KMeans_2S,0.16177273242968718,0.1265194740759117,0.5751293480488989,0.29639018005858736,0.6443707942962646
UCR_DodgerLoopGame,BURST_GEN_KMeans_2S,0.008329962271627769,0.5594405594405595,0.503594996552743,0.01254327860705668,0.04086947441101074
UCR_Yoga,BURST_GEN_KMeans_2S,8.962243713133583e-05,0.5363636363636364,0.49916454315241787,0.002186576466641895,0.3609189987182617
UCR_Lightning2,BURST_GEN_KMeans_2S,0.0,0.3761467889908257,0.526333673122664,0.0,0.032845497131347656
UCR_FordB,BURST_GEN_KMeans_2S,2.2002382881148787e-05,0.5119940029985007,0.5000110542079622,0.00021046272225140066,0.5991976261138916
UCR_DistalPhalanxOutlineCorrect,BURST_GEN_KMeans_2S,0.027086152963520786,0.376425855513308,0.5106701923015061,0.033973051956960466,0.0870521068572998
UCR_PowerCons,BURST_GEN_KMeans_2S,0.0,0.46296296296296297,0.5012039903680771,0.0,0.0612330436706543
UCR_SwedishLeaf,BURST_GEN_KMeans_2S,0.002554104465100715,0.08489634748272458,0.16356144820885796,0.07347347236318065,0.15200591087341309
UCR_ECGFiveDays,BURST_GEN_KMeans_2S,0.005861948877826326,0.5565326633165829,0.5032047027590784,0.010809181179123602,0.2385554313659668
UCR_Wafer,BURST_GEN_KMeans_2S,0.13792755860447917,0.9187344913151365,0.5633046378160385,0.12413646188949491,0.7482631206512451
UCR_GesturePebbleZ2,BURST_GEN_KMeans_2S,0.2724479335576234,0.33941605839416056,0.6623887061843267,0.5042737742248823,0.07335519790649414
UCR_InsectEPGSmallTrain,BURST_GEN_KMeans_2S,0.09660538285585965,0.6125,0.6082635983263598,0.20856845187601594,0.06881356239318848
UCR_Strawberry,BURST_GEN_KMeans_2S,-0.03674175511624212,0.6350282485875707,0.4806324615895902,0.1029638149136527,0.23967576026916504
UCR_MiddlePhalanxOutlineCorrect,BURST_GEN_KMeans_2S,0.009020786223244122,0.6508728179551122,0.504266798671237,0.02732347363387451,0.10464310646057129
UCR_StarLightCurves,BURST_GEN_KMeans_2S,0.5090158287925399,0.8564898351978828,0.7663190485072315,0.54698278535935,1.3876361846923828
UCR_Chinatown,BURST_GEN_KMeans_2S,0.14303560266590604,0.8875379939209727,0.5000370672399733,0.28647483252637185,0.06210041046142578
UCR_FreezerSmallTrain,BURST_GEN_KMeans_2S,0.26887517866625193,0.8043226553454265,0.633936599664118,0.2421631549378934,0.3176705837249756
UCR_Haptics,BURST_GEN_KMeans_2S,0.02752374039018537,0.2973621103117506,0.5651286662977311,0.06699111791199704,0.26433491706848145
UCR_ECG200,BURST_GEN_KMeans_2S,0.33182879088042566,0.8,0.6560521415270019,0.19912216670125774,0.08188915252685547
UCR_GunPoint,BURST_GEN_KMeans_2S,0.054806355069849697,0.7,0.5277467411545624,0.18446464804795776,0.05450558662414551
UCR_ToeSegmentation2,BURST_GEN_KMeans_2S,0.0,0.7733333333333333,0.6470693512304251,0.0,0.039849281311035156
UCR_FreezerRegularTrain,BURST_GEN_KMeans_2S,0.2698923123042964,0.7796296296296297,0.6348875440835426,0.22525491470067455,0.46277427673339844
UCR_Trace,BURST_GEN_KMeans_2S,0.39064496689882044,0.5555555555555556,0.7507138423339541,0.5285065014175723,0.07552599906921387
UCR_DistalPhalanxOutlineAgeGroup,BURST_GEN_KMeans_2S,0.21209884023435369,0.808641975308642,0.6110135335793984,0.29717305031040286,0.0640718936920166
UCR_MedicalImages,BURST_GEN_KMeans_2S,0.12357211770979705,0.15676728334956183,0.5614376740292796,0.20745724309576258,0.13364291191101074
UCR_ItalyPowerDemand,BURST_GEN_KMeans_2S,0.01777941433230051,0.5775075987841946,0.5086941599824082,0.1015562698449961,0.0946345329284668
UCR_FordA,BURST_GEN_KMeans_2S,-2.3807646053499866e-05,0.5141115375931361,0.5000015297059721,6.23405799426067e-05,0.5866765975952148
UCR_MiddlePhalanxOutlineAgeGroup,BURST_GEN_KMeans_2S,0.239229711745835,0.6733466933867736,0.6553669588172328,0.249011749237544,0.07642745971679688
UCR_ArrowHead,BURST_GEN_KMeans_2S,0.18524453883109895,0.6473684210526316,0.6162628794207742,0.30963772662612155,0.060034751892089844
UCR_SonyAIBORobotSurface1,BURST_GEN_KMeans_2S,0.015214411801060913,0.5778175313059034,0.5112367835548631,0.12271113856219105,0.0670619010925293
UCR_ShapeletSim,BURST_GEN_KMeans_2S,0.0007451518557386007,0.5166666666666667,0.4977653631284916,0.030064284458979074,0.0608820915222168
UCR_CBF,BURST_2S,0.5283425454190731,0.8721624850657109,0.8011581576946603,0.6034596068729983,19.527580499649048
UCR_FaceAll,BURST_2S,-0.0021067904990054757,0.07703703703703704,0.1769135802469136,0.048898296877545655,47.434778928756714
UCR_TwoPatterns,BURST_2S,0.19951934417349237,0.378,0.6549864414314293,0.25676086459948994,120.19898200035095
generate_synthetic_data,BURST_2S,0.2454089838144742,0.5619047619047619,0.608499255558079,0.511865142841041,25.127561569213867
generate_2_3_2new,BURST_2S,0.5175577476956114,0.8095238095238095,0.8398415221944634,0.6585456834986767,25.982677459716797
UCR_ShakeGestureWiimoteZ,BURST_2S,0.13334381790293345,0.18888888888888888,0.728589263420724,0.33207775906258524,34.570955991744995
UCR_ACSF1,BURST_2S,0.1687439371454137,0.34444444444444444,0.7936064556176288,0.4371396350202568,328.3471417427063
UCR_PickupGestureWiimoteZ,BURST_2S,0.13863638121910274,0.3888888888888889,0.7917602996254681,0.4196428623456639,32.04522132873535
UCR_GestureMidAirD3,BURST_2S,0.061441263107659405,0.10819672131147541,0.7862165660051769,0.2974448585050683,19.100483894348145
UCR_AllGestureWiimoteY,BURST_2S,0.0180102337756686,0.14444444444444443,0.3974885675441849,0.1344503116173912,54.13214993476868
UCR_GestureMidAirD1,BURST_2S,0.04538650661271315,0.08196721311475409,0.5961389128559103,0.30504825930504004,21.407550573349
UCR_GestureMidAirD2,BURST_2S,0.04442943395016918,0.12459016393442623,0.6349007765314927,0.33040622876085907,19.926941633224487
UCR_AllGestureWiimoteX,BURST_2S,0.04308961384454344,0.19333333333333333,0.7236633296255098,0.13369460922583534,60.07514429092407
UCR_AllGestureWiimoteZ,BURST_2S,0.035313415653590946,0.16444444444444445,0.6778371029538994,0.1137345071998479,54.018062591552734
UCR_DodgerLoopDay,BURST_2S,0.1476626449073328,0.27972027972027974,0.6095735250664828,0.3829883570586375,32.651193380355835
UCR_Worms,BURST_2S,0.00691128036956666,0.38626609442060084,0.5828030190913127,0.06130032578419974,86.52064633369446
UCR_EOGVerticalSignal,BURST_2S,0.11750217633993404,0.348159509202454,0.8364856332400366,0.2867617570286732,274.9802017211914
UCR_SemgHandMovementCh2,BURST_2S,-0.0014123149318038901,0.19753086419753085,0.27514840757527204,0.04696253484916257,323.28672552108765
UCR_EOGHorizontalSignal,BURST_2S,0.13684348039549263,0.2898773006134969,0.7940544513867293,0.3262158899553401,325.69152879714966
UCR_SyntheticControl,BURST_2S,0.45031004779764744,0.4685185185185185,0.806974506974507,0.5964522678826514,7.514445781707764
UCR_Beef,BURST_2S,0.0794812451783741,0.2222222222222222,0.41788958770090845,0.225339026672591,32.05962562561035
UCR_Adiac,BURST_2S,0.006666164205083075,0.031294452347083924,0.22824038613512299,0.14973853559465716,21.044037580490112
UCR_RefrigerationDevices,BURST_2S,0.03737482483481279,0.4474074074074074,0.5647917353555336,0.053093074755494886,90.25987577438354
UCR_LargeKitchenAppliances,BURST_2S,0.015052221474897909,0.42074074074074075,0.40546433674030113,0.06979369729379936,75.09717917442322
UCR_Meat,BURST_2S,0.18834416390370062,0.7962962962962963,0.6967808930425753,0.40281701653119434,49.3046658039093
UCR_ScreenType,BURST_2S,0.025662673654049867,0.4711111111111111,0.5611913397076602,0.04065468406676429,61.577478885650635
UCR_OliveOil,BURST_2S,0.27052736927519894,0.6481481481481481,0.676450034940601,0.370829366178568,46.855130434036255
UCR_MixedShapesRegularTrain,BURST_2S,0.47884466067665266,0.7060387390808963,0.8233108073008356,0.5270955385826748,534.8063254356384
UCR_SmallKitchenAppliances,BURST_2S,-0.0009368756860934302,0.37037037037037035,0.3437344763160787,0.010545257684602898,61.850290060043335
UCR_DistalPhalanxTW,BURST_2S,0.5607140960605231,0.6748971193415638,0.7970641890458614,0.5150478356090545,9.681617975234985
UCR_MiddlePhalanxTW,BURST_2S,0.39999989756600673,0.5060240963855421,0.7751084822186128,0.3247575711216901,10.864447593688965
UCR_SmoothSubspace,BURST_2S,0.12942751251249401,0.5666666666666667,0.589949056863555,0.143317251491495,4.654968023300171
UCR_Phoneme,BURST_2S,-0.00016154428609202516,0.025803054239073198,0.07009900946147132,0.01957668407191947,293.40780878067017
UCR_Rock,BURST_2S,0.008473319618566509,0.3492063492063492,0.32155657962109574,0.034277885041444425,4166.1851596832275
UCR_Coffee,BURST_2S,0.4989953958733383,0.9019607843137255,0.7505882352941177,0.5443261912646015,15.889018774032593
UCR_Computers,BURST_2S,0.0682132845762709,0.6488888888888888,0.5355407077456075,0.07796363225804726,76.37335538864136
UCR_Plane,BURST_2S,0.2979219514764231,0.5661375661375662,0.7531802319036361,0.5981569781012581,11.108705282211304
UCR_GunPointMaleVersusFemale,BURST_2S,0.3161167051724343,0.8399014778325123,0.6579821200510856,0.3498827756334145,13.093747854232788
UCR_BirdChicken,BURST_2S,-0.0035511363636363635,0.6388888888888888,0.5015873015873016,0.10714998019238595,14.582458972930908
UCR_Wine,BURST_2S,0.009906814759036145,0.6,0.5054545454545455,0.021028155976406823,18.47347640991211
UCR_ElectricDevices,BURST_2S,-0.004979588649332539,0.2510351275544277,0.4700011688373563,0.08815652659814535,745.800703048706
UCR_FaceFour,BURST_2S,0.04223623769684009,0.43564356435643564,0.44415841584158416,0.18089067303896947,29.662646293640137
UCR_WordSynonyms,BURST_2S,0.03165943835972617,0.252760736196319,0.36929802083176316,0.10095235770012617,35.2074658870697
UCR_HouseTwenty,BURST_2S,0.18016702500098003,0.7291666666666666,0.5896464646464646,0.20732729477269235,3244.8956639766693
UCR_BeetleFly,BURST_2S,-0.00997506234413965,0.6388888888888888,0.5,0.11489901765172442,13.400243520736694
UCR_SemgHandGenderCh2,BURST_2S,0.08438889204573806,0.6481481481481481,0.5420683971981871,0.060887550884375544,565.0599462985992
UCR_Lightning7,BURST_2S,0.2115091060953716,0.3875968992248062,0.6529796511627907,0.37397425727409705,29.829274654388428
UCR_GunPointAgeSpan,BURST_2S,0.04774191105360723,0.6822660098522167,0.5222526302986074,0.12721373005688713,12.269599199295044
UCR_Car,BURST_2S,0.0727727048492759,0.3333333333333333,0.5771893388715819,0.19981238093309614,49.47127819061279
UCR_GunPointOldVersusYoung,BURST_2S,0.0549102783222039,0.6970443349753694,0.5262421699203308,0.12296808953936678,13.343521356582642
UCR_WormsTwoClass,BURST_2S,0.004918860467677706,0.648068669527897,0.4924892703862661,0.011695159064719478,107.68715333938599
UCR_BME,BURST_2S,0.2628397245382859,0.7901234567901234,0.7163561076604554,0.3787001096818599,12.356558799743652
UCR_InsectEPGRegularTrain,BURST_2S,0.28699295012789267,0.6964285714285714,0.6631336405529954,0.30450269769158056,59.57095766067505
UCR_UMD,BURST_2S,0.11852863340542402,0.5802469135802469,0.5781765202055057,0.23230539963214966,13.777016639709473
UCR_Ham,BURST_2S,-0.01856043528420327,0.42487046632124353,0.49228195164075994,0.11652259945206148,25.340287685394287
UCR_ShapesAll,BURST_2S,0.005263300339447291,0.024074074074074074,0.41818899529742903,0.15074478889155085,92.73234748840332
UCR_PigAirwayPressure,BURST_2S,0.0044881236579032285,0.03558718861209965,0.6192679206914082,0.23560602827869676,1302.0098855495453
UCR_PigCVP,BURST_2S,0.000937156934423114,0.017793594306049824,0.1364006100660905,0.0967503930013489,966.8278167247772
UCR_PigArtPressure,BURST_2S,0.08212177012080918,0.060498220640569395,0.8533553634977122,0.5137896146139517,1133.761806488037
UCR_FiftyWords,BURST_2S,0.018523978488450814,0.19754601226993865,0.4376961456716058,0.15982641138283477,38.556987285614014
UCR_Crop,BURST_2S,0.04563536270366143,0.05675925925925926,0.6816480701267034,0.1645345409682091,763.848201751709
UCR_PLAID,BURST_2S,0.1267028890174303,0.28645294725956566,0.6613954065957124,0.27372767941395343,647.4145224094391
UCR_CricketY,BURST_2S,0.029101078882513554,0.10968660968660969,0.5229322376255329,0.06974642160018427,27.36741805076599
UCR_Symbols,BURST_2S,0.22025382714503228,0.4411764705882353,0.6276933165123556,0.5029867254655528,61.51726794242859
UCR_ProximalPhalanxTW,BURST_2S,0.34422996484806656,0.7211009174311926,0.7581489476524554,0.4396802270355688,11.274633646011353
UCR_Fungi,BURST_2S,0.18707054644223078,0.3858695652173913,0.7679971489665004,0.6324522894820366,12.282265663146973
UCR_CricketX,BURST_2S,0.009574866895677249,0.10826210826210826,0.4023962511836977,0.08327364713299648,28.445990562438965
UCR_Earthquakes,BURST_2S,0.007251105999401781,0.8,0.3861940515685932,0.00871325109344092,26.26508140563965
UCR_GesturePebbleZ1,BURST_2S,0.2804445455230151,0.5547445255474452,0.7464238924092939,0.4979505613678321,24.6378231048584
UCR_DodgerLoopWeekend,BURST_2S,0.49301580642638243,0.9020979020979021,0.7565251649758692,0.4027667495726384,30.745335817337036
UCR_EthanolLevel,BURST_2S,0.002142672946855378,0.2975663716814159,0.5926974000137203,0.008655327105396663,1310.175761938095
UCR_ECG5000,BURST_2S,0.7618881077105027,0.9255555555555556,0.8823172556864488,0.6085825527756596,220.7213475704193
UCR_UWaveGestureLibraryY,BURST_2S,0.17989122283730682,0.23368891094021335,0.7317135869468198,0.2603420102425803,366.7171347141266
UCR_FacesUCR,BURST_2S,0.02212017889391561,0.14617283950617285,0.3335890304006246,0.16942939490861209,75.56455779075623
UCR_CinCECGTorso,BURST_2S,0.011333648910310485,0.32003129890453835,0.6069217882777391,0.023441299041218666,1208.021802186966
UCR_Herring,BURST_2S,-0.00012162164947816067,0.603448275862069,0.49835082458770613,0.01729488488036455,50.399755239486694
UCR_Mallat,BURST_2S,0.42674215236141017,0.37824074074074077,0.7809372480400735,0.6800807212605041,590.9880557060242
UCR_OSULeaf,BURST_2S,0.07927709026064089,0.271356783919598,0.5320430869713808,0.12282157602452781,27.8250834941864
UCR_InlineSkate,BURST_2S,0.009949818451083172,0.19145299145299147,0.21018616087109238,0.07521172473681292,1121.5869975090027
UCR_MixedShapesSmallTrain,BURST_2S,0.5059827727506893,0.7052353717553893,0.8142303557375932,0.5672066156533987,723.2857735157013
UCR_HandOutlines,BURST_2S,0.30706493528308276,0.7891321978913219,0.6614318366143184,0.21467715683359914,6296.714106559753
UCR_Fish,BURST_2S,0.04234880544404376,0.23809523809523808,0.5047214639571328,0.10996154107272518,27.95165228843689
UCR_MoteStrain,BURST_2S,0.036182281722143855,0.6026200873362445,0.518827678871347,0.032300139357642844,29.6967670917511
UCR_ProximalPhalanxOutlineCorrect,BURST_2S,0.010858114630701392,0.6970074812967582,0.4884698366443442,0.04701968369821155,17.47171664237976
UCR_PhalangesOutlinesCorrect,BURST_2S,0.023721378777416875,0.6644379440033431,0.506413284566049,0.028989698192894077,84.06197905540466
UCR_ChlorineConcentration,BURST_2S,0.001315604132312611,0.5380448800619035,0.5650483534847223,0.00778749281129192,225.82647562026978
UCR_ToeSegmentation1,BURST_2S,0.07926779641577388,0.6735537190082644,0.5397620109049758,0.10043814858504663,17.268965244293213
UCR_CricketZ,BURST_2S,0.024426288780631834,0.11823361823361823,0.40567199483034005,0.152787625946545,31.254225969314575
UCR_SonyAIBORobotSurface2,BURST_2S,0.17199798628574164,0.7301587301587301,0.5777705709601283,0.12453885756794889,19.095938444137573
UCR_TwoLeadECG,BURST_2S,0.08892138792496128,0.6520076481835564,0.544415270751187,0.09150793086491461,28.223287105560303
UCR_UWaveGestureLibraryX,BURST_2S,0.1897812952547386,0.394194988836517,0.7178858880893916,0.3045060167976493,315.48884630203247
UCR_DiatomSizeReduction,BURST_2S,0.1682787704079363,0.503448275862069,0.5282901801694309,0.3983903786892303,20.52929663658142
UCR_ProximalPhalanxOutlineAgeGroup,BURST_2S,0.3571449426608203,0.7889908256880734,0.7099433351322181,0.4065382104020583,11.630979537963867
UCR_InsectWingbeatSound,BURST_2S,0.08225947679741898,0.17929292929292928,0.5548246487104497,0.24376133674117872,123.32708883285522
UCR_UWaveGestureLibraryAll,BURST_2S,0.09027245778165394,0.1848176631108906,0.4887209732513467,0.2321283278401768,1000.0100083351135
UCR_DodgerLoopGame,BURST_2S,0.0954401753651605,0.6993006993006993,0.5475228996355757,0.14704535596190785,31.514283180236816
UCR_Yoga,BURST_2S,-0.002323056235352049,0.5367003367003367,0.49873972689735574,0.008376626758506372,308.06906604766846
UCR_Lightning2,BURST_2S,-0.010373501087199186,0.6330275229357798,0.4850492694529392,0.06727220671877575,67.39636301994324
UCR_FordB,BURST_2S,-0.0002436745845439628,0.5119940029985007,0.4998781538998059,3.378687588272805e-06,479.7451660633087
UCR_DistalPhalanxOutlineCorrect,BURST_2S,0.021109280494801208,0.376425855513308,0.510235921586793,0.03901442617206587,19.104350566864014
UCR_PowerCons,BURST_2S,0.04752271940571217,0.6481481481481481,0.5234109238237206,0.09246735796917917,9.497427940368652
UCR_SwedishLeaf,BURST_2S,0.04942543401994301,0.1539980256663376,0.45412795711091775,0.2722657318011531,31.93938446044922
UCR_ECGFiveDays,BURST_2S,0.46960235827383073,0.9585427135678392,0.7349609683638317,0.48704370609771924,21.876848697662354
UCR_Wafer,BURST_2S,0.06570613381458906,0.8929900744416873,0.4248508356551858,0.06481899704980845,337.7903563976288
UCR_GesturePebbleZ2,BURST_2S,0.3117193759400234,0.4233576642335766,0.7418785593968076,0.5285311171295786,27.724576234817505
UCR_InsectEPGSmallTrain,BURST_2S,0.3618436498305023,0.7541666666666667,0.7116806136680613,0.4043960539012762,42.73800182342529
UCR_Strawberry,BURST_2S,-0.04716899540730447,0.632768361581921,0.48342919958074493,0.11857000668869566,40.42541718482971
UCR_MiddlePhalanxOutlineCorrect,BURST_2S,0.013088133298983139,0.655860349127182,0.5060849748288455,0.03773415044992364,19.933195114135742
UCR_StarLightCurves,BURST_2S,0.6725251584947194,0.8568507157464212,0.8320389044745599,0.7514081624840001,3109.7638902664185
UCR_Chinatown,BURST_2S,0.06480683932493521,0.24012158054711247,0.4504781673956557,0.25102249455776365,4.628745079040527
UCR_FreezerSmallTrain,BURST_2S,0.2462049367498123,0.7792358162871478,0.6221032412464292,0.18694775749477058,207.5141932964325
UCR_Haptics,BURST_2S,0.0496406954166362,0.3069544364508393,0.6474935436266371,0.06988377549987727,186.91939043998718
UCR_ECG200,BURST_2S,0.20447728063020978,0.7388888888888889,0.5961514587212912,0.11000389236259278,11.746891498565674
UCR_GunPoint,BURST_2S,0.040324914945051055,0.6555555555555556,0.5209186840471757,0.11044100200288068,13.254804372787476
UCR_ToeSegmentation2,BURST_2S,0.34963105948549894,0.8866666666666667,0.6566442953020134,0.2588456425127195,34.97486615180969
UCR_FreezerRegularTrain,BURST_2S,0.26894244435455333,0.7688888888888888,0.6343729502010347,0.19929068301891267,195.72341418266296
UCR_Trace,BURST_2S,0.3394795537659893,0.6111111111111112,0.7575418994413408,0.5014144106062515,19.778682231903076
UCR_DistalPhalanxOutlineAgeGroup,BURST_2S,0.13481170437214848,0.8004115226337448,0.5726188961011413,0.282875291599815,10.25980830192566
UCR_MedicalImages,BURST_2S,0.041483829250486666,0.15774099318403115,0.60887043964992,0.15192860941747569,26.492802143096924
UCR_ItalyPowerDemand,BURST_2S,0.09884311586321001,0.723404255319149,0.5496073704610237,0.1295181143547426,14.301518201828003
UCR_FordA,BURST_2S,0.13404418768875445,0.6859336193271619,0.567021109738455,0.10167820384152787,589.0908136367798
UCR_MiddlePhalanxOutlineAgeGroup,BURST_2S,0.2211860177513444,0.6733466933867736,0.6386346991171097,0.2696129448588913,10.732978820800781
UCR_ArrowHead,BURST_2S,0.2004980289544516,0.6947368421052632,0.6622110832637148,0.296775094901214,15.401151657104492
UCR_SonyAIBORobotSurface1,BURST_2S,0.20238990030004467,0.7674418604651163,0.6003359814312552,0.2170584804283952,10.932526350021362
UCR_ShapeletSim,BURST_2S,0.28629888719984137,0.8388888888888889,0.644258224705152,0.29143327365618554,31.477012872695923
UCR_CBF,BURST_GEN_KMedoids_2S,0.6071877411075104,0.8637992831541219,0.8279112574528534,0.6342574731254159,16.387208223342896
UCR_FaceAll,BURST_GEN_KMedoids_2S,0.0022110186899206396,0.1274074074074074,0.3660835407212219,0.1316963619941524,104.60824370384216
UCR_TwoPatterns,BURST_GEN_KMedoids_2S,0.030864241535767563,0.3388888888888889,0.5435536785952434,0.03891053830688758,500.37388610839844
generate_synthetic_data,BURST_GEN_KMedoids_2S,0.6035461281786917,0.8777777777777778,0.8477098947687183,0.7208489350007021,9.452389478683472
generate_2_3_2new,BURST_GEN_KMedoids_2S,0.6638746227530855,0.8253968253968254,0.879531632472809,0.7485028705193798,9.73008680343628
UCR_ShakeGestureWiimoteZ,BURST_GEN_KMedoids_2S,0.15439150727845677,0.25555555555555554,0.7006242197253433,0.4267879517620013,0.6664953231811523
UCR_ACSF1,BURST_GEN_KMedoids_2S,0.022414313583828102,0.16666666666666666,0.4587212911235258,0.18414255281855327,4.43009877204895
UCR_PickupGestureWiimoteZ,BURST_GEN_KMedoids_2S,0.2266866790585594,0.4111111111111111,0.8127340823970037,0.4757976586318692,0.768059492111206
UCR_GestureMidAirD3,BURST_GEN_KMedoids_2S,0.05106927011430667,0.11147540983606558,0.7329810181190681,0.2503465462189324,4.39797830581665
UCR_AllGestureWiimoteY,BURST_GEN_KMedoids_2S,0.011368683820512458,0.12111111111111111,0.3921369422815474,0.115390137314373,28.027597188949585
UCR_GestureMidAirD1,BURST_GEN_KMedoids_2S,0.04400418483037195,0.11147540983606558,0.6805220017256255,0.2810686785758368,4.785070180892944
UCR_GestureMidAirD2,BURST_GEN_KMedoids_2S,0.07708802883601393,0.14098360655737704,0.7409404659188956,0.3754193737877797,4.473739862442017
UCR_AllGestureWiimoteX,BURST_GEN_KMedoids_2S,0.036575767281457824,0.16666666666666666,0.6507428006426894,0.0991367177933923,24.45261573791504
UCR_AllGestureWiimoteZ,BURST_GEN_KMedoids_2S,0.04387991838321487,0.17888888888888888,0.678993943888271,0.1342779919505657,27.739824056625366
UCR_DodgerLoopDay,BURST_GEN_KMedoids_2S,0.13925430374807268,0.35664335664335667,0.7187038313798877,0.34547929763159463,1.4718971252441406
UCR_Worms,BURST_GEN_KMedoids_2S,0.023605449935759037,0.3605150214592275,0.5180553500073998,0.0206534267642363,4.040899991989136
UCR_EOGVerticalSignal,BURST_GEN_KMedoids_2S,0.0766638899703021,0.34049079754601225,0.811163570910256,0.3026673017051218,23.64947271347046
UCR_SemgHandMovementCh2,BURST_GEN_KMedoids_2S,0.05497368154020248,0.254320987654321,0.5338827084191732,0.08668719957096813,48.57925224304199
UCR_EOGHorizontalSignal,BURST_GEN_KMedoids_2S,0.13480075885447615,0.34355828220858897,0.7779065712966367,0.3413040651688651,25.82235836982727
UCR_SyntheticControl,BURST_GEN_KMedoids_2S,0.43217096286093076,0.6518518518518519,0.8217961932247646,0.5912584278005741,8.487566471099854
UCR_Beef,BURST_GEN_KMedoids_2S,0.06827902162828572,0.48148148148148145,0.7309573724668065,0.2918173811373234,0.46153950691223145
UCR_Adiac,BURST_GEN_KMedoids_2S,0.012754102032885708,0.041251778093883355,0.28739265581370843,0.23149535722310458,17.608959913253784
UCR_RefrigerationDevices,BURST_GEN_KMedoids_2S,0.01190421063735074,0.44296296296296295,0.5466578744917023,0.03356597683490532,24.257055044174194
UCR_LargeKitchenAppliances,BURST_GEN_KMedoids_2S,0.05552428419178731,0.49777777777777776,0.5570458292120013,0.11623695445223038,23.920371532440186
UCR_Meat,BURST_GEN_KMedoids_2S,0.1719990724314606,0.7777777777777778,0.6881273797161648,0.43061746840695475,1.1006720066070557
UCR_ScreenType,BURST_GEN_KMedoids_2S,-0.0033773789391994572,0.37037037037037035,0.42876799648313,0.023479967030882527,25.45937418937683
UCR_OliveOil,BURST_GEN_KMedoids_2S,0.12664822643763063,0.7222222222222222,0.6743535988819007,0.3517675875717186,0.5496037006378174
UCR_MixedShapesRegularTrain,BURST_GEN_KMedoids_2S,0.18316430728956076,0.5757690846942651,0.6778580144229714,0.3444506591118802,248.04282355308533
UCR_SmallKitchenAppliances,BURST_GEN_KMedoids_2S,-0.003927385339118188,0.4074074074074074,0.4095702824486207,0.0270167850631369,25.537086725234985
UCR_DistalPhalanxTW,BURST_GEN_KMedoids_2S,0.5724654835679488,0.2736625514403292,0.817419710661406,0.46130169471014243,7.4685657024383545
UCR_MiddlePhalanxTW,BURST_GEN_KMedoids_2S,0.39129173867557226,0.4979919678714859,0.7671409986020541,0.3144577877281957,7.850644111633301
UCR_SmoothSubspace,BURST_GEN_KMedoids_2S,0.05135951693394271,0.4962962962962963,0.5894809307448713,0.08290360202056996,3.355497121810913
UCR_Phoneme,BURST_GEN_KMedoids_2S,0.007156677572401489,0.025803054239073198,0.16087497662515515,0.08490381410058594,176.56353497505188
UCR_Coffee,BURST_GEN_KMedoids_2S,0.3351793366250019,0.8235294117647058,0.6690196078431373,0.31203490795665273,0.24050474166870117
UCR_Computers,BURST_GEN_KMedoids_2S,0.0410410293425442,0.6511111111111111,0.5218312298935907,0.1249493941597806,11.559783220291138
UCR_Plane,BURST_GEN_KMedoids_2S,0.2109891548551764,0.5238095238095238,0.7344365642237982,0.5236757845815903,2.2951321601867676
UCR_GunPointMaleVersusFemale,BURST_GEN_KMedoids_2S,0.1417739073718368,0.8768472906403941,0.5707352672869914,0.2807429840078724,6.414361476898193
UCR_BirdChicken,BURST_GEN_KMedoids_2S,0.03853369162906252,0.6944444444444444,0.5222222222222223,0.1331408206013888,0.17745018005371094
UCR_Wine,BURST_GEN_KMedoids_2S,0.043960155676873267,0.67,0.5232323232323233,0.10316417256997407,0.8777847290039062
UCR_ElectricDevices,BURST_GEN_KMedoids_2S,-0.011433860893806823,0.2510351275544277,0.2675118405329406,0.047448446615914644,6109.836239814758
UCR_FaceFour,BURST_GEN_KMedoids_2S,0.02524867379422365,0.3465346534653465,0.5087128712871287,0.11926634554672923,0.8241126537322998
UCR_WordSynonyms,BURST_GEN_KMedoids_2S,0.03284039924140494,0.2233128834355828,0.34007928731855114,0.05516445914433463,24.729896306991577
UCR_HouseTwenty,BURST_GEN_KMedoids_2S,0.05225386258667831,0.6319444444444444,0.5263209013209014,0.0495003256481902,2.5433847904205322
UCR_BeetleFly,BURST_GEN_KMedoids_2S,-0.01710612885267473,0.6111111111111112,0.4936507936507937,0.09071557684147022,0.20357155799865723
UCR_SemgHandGenderCh2,BURST_GEN_KMedoids_2S,0.0033332407298740084,0.5555555555555556,0.5025988493644036,0.022443436602839283,48.164058208465576
UCR_Lightning7,BURST_GEN_KMedoids_2S,0.20320212365569243,0.2558139534883721,0.642562984496124,0.3743102618772283,1.2469737529754639
UCR_GunPointAgeSpan,BURST_GEN_KMedoids_2S,0.1137930718604026,0.7586206896551724,0.5556406981694338,0.17462444099175767,6.131424188613892
UCR_Car,BURST_GEN_KMedoids_2S,0.08139786058143311,0.48148148148148145,0.6588785046728972,0.20749126231845036,1.2949633598327637
UCR_GunPointOldVersusYoung,BURST_GEN_KMedoids_2S,0.03662208716028381,0.6896551724137931,0.5147844067384297,0.09371065902661316,6.068010091781616
UCR_WormsTwoClass,BURST_GEN_KMedoids_2S,-0.021051775906961143,0.6394849785407726,0.48856741157318334,0.007885537014439713,4.232285499572754
UCR_BME,BURST_GEN_KMedoids_2S,0.3218312610978282,0.8395061728395061,0.732459167241776,0.4531790093117364,1.6967430114746094
UCR_InsectEPGRegularTrain,BURST_GEN_KMedoids_2S,0.32163834608254627,0.7035714285714286,0.6739887352790579,0.3412266506012916,5.690025568008423
UCR_UMD,BURST_GEN_KMedoids_2S,0.11355245292273322,0.5617283950617284,0.580707000996856,0.2268622266236433,1.6949436664581299
UCR_Ham,BURST_GEN_KMedoids_2S,0.010151891724241727,0.42487046632124353,0.5006476683937824,0.07287973474073282,2.7231855392456055
UCR_ShapesAll,BURST_GEN_KMedoids_2S,0.016273080973484556,0.028703703703703703,0.539014176363574,0.2505630316645706,44.33666229248047
UCR_FiftyWords,BURST_GEN_KMedoids_2S,0.012415092948979021,0.12515337423312883,0.22939057294885515,0.10427519943357924,26.14173412322998
UCR_PLAID,BURST_GEN_KMedoids_2S,0.11169637453407617,0.26163391933815927,0.6860881126876361,0.23672143188395336,57.163262605667114
UCR_CricketY,BURST_GEN_KMedoids_2S,0.05581709926695263,0.150997150997151,0.6060532166095647,0.12935098721421046,19.11950659751892
UCR_Symbols,BURST_GEN_KMedoids_2S,0.27552579585313036,0.4749455337690632,0.6448896776692017,0.5432217472804176,24.978787660598755
UCR_ProximalPhalanxTW,BURST_GEN_KMedoids_2S,0.5741456561466831,0.7486238532110092,0.8111171073934161,0.553790156043685,8.304563045501709
UCR_Fungi,BURST_GEN_KMedoids_2S,0.4275141298217521,0.3967391304347826,0.8923734853884533,0.7601539860615528,2.25508451461792
UCR_CricketX,BURST_GEN_KMedoids_2S,0.01054971426244366,0.1282051282051282,0.5057000377970421,0.026002321362929643,20.896008729934692
UCR_Earthquakes,BURST_GEN_KMedoids_2S,-0.0023904552076212675,0.8,0.5296664920551772,6.373653064426252e-06,8.739143371582031
UCR_GesturePebbleZ1,BURST_GEN_KMedoids_2S,0.2709759362905219,0.5474452554744526,0.7328146306248496,0.4712773909432536,3.874986171722412
UCR_DodgerLoopWeekend,BURST_GEN_KMedoids_2S,0.42299286918626844,0.972027972027972,0.694277553432483,0.45681461931017214,1.4834108352661133
UCR_EthanolLevel,BURST_GEN_KMedoids_2S,-0.00010048591194247291,0.2842920353982301,0.613517870618097,0.014687826156454633,45.214789390563965
UCR_ECG5000,BURST_GEN_KMedoids_2S,0.6301736797089782,0.92,0.8180934034723766,0.5203175047318765,525.4901397228241
UCR_UWaveGestureLibraryY,BURST_GEN_KMedoids_2S,0.12055037461520181,0.2795832299677499,0.7325869671337457,0.20380483776734748,412.5509479045868
UCR_FacesUCR,BURST_GEN_KMedoids_2S,0.0,0.04839506172839506,0.08432245156882838,0.0,141.04003167152405
UCR_Herring,BURST_GEN_KMedoids_2S,-0.0025096718420132965,0.5948275862068966,0.49280359820089953,0.00567488103439674,1.021683692932129
UCR_Mallat,BURST_GEN_KMedoids_2S,0.39993182058755117,0.37824074074074077,0.7726064879145009,0.6333081032856608,136.8993968963623
UCR_OSULeaf,BURST_GEN_KMedoids_2S,0.16473885557327325,0.36683417085427134,0.696593800235434,0.2145380660630305,7.923687696456909
UCR_InlineSkate,BURST_GEN_KMedoids_2S,0.0094585286168174,0.21367521367521367,0.3342641376887952,0.04691535081445658,26.534296989440918
UCR_MixedShapesSmallTrain,BURST_GEN_KMedoids_2S,0.49277246255277984,0.6929168499780026,0.812058116406313,0.5354361279876502,205.7656168937683
UCR_Fish,BURST_GEN_KMedoids_2S,0.040848863138249515,0.24126984126984127,0.5736123748862603,0.10081650663891054,4.937443256378174
UCR_MoteStrain,BURST_GEN_KMedoids_2S,0.15834936833539723,0.7152838427947599,0.5790866338901274,0.1398079727178257,35.62130665779114
UCR_ProximalPhalanxOutlineCorrect,BURST_GEN_KMedoids_2S,-0.0023583692126372766,0.6895261845386533,0.4770751025059075,0.04408933047434939,16.810025453567505
UCR_PhalangesOutlinesCorrect,BURST_GEN_KMedoids_2S,0.02037137698411779,0.6669452569995821,0.5020394629262886,0.02224330995870406,123.8909924030304
UCR_ChlorineConcentration,BURST_GEN_KMedoids_2S,0.003423398484827902,0.5354655661594016,0.5254960787241739,0.004821412776078415,341.4031641483307
UCR_ToeSegmentation1,BURST_GEN_KMedoids_2S,0.11819677930297696,0.6859504132231405,0.5592400809300092,0.16666950528294844,3.33784818649292
UCR_CricketZ,BURST_GEN_KMedoids_2S,0.005281959392725693,0.11396011396011396,0.44320892823032626,0.037454981189938896,20.479965209960938
UCR_SonyAIBORobotSurface2,BURST_GEN_KMedoids_2S,0.2870262325187611,0.8015873015873016,0.6362075666437593,0.22885560072012687,22.657445669174194
UCR_TwoLeadECG,BURST_GEN_KMedoids_2S,0.10013747501780883,0.6606118546845124,0.5499940534457994,0.1014811522591344,30.93144392967224
UCR_UWaveGestureLibraryX,BURST_GEN_KMedoids_2S,0.27065628003378456,0.45100471347060284,0.7618429873197361,0.38563756702246954,456.6934871673584
UCR_DiatomSizeReduction,BURST_GEN_KMedoids_2S,0.47820089526490545,0.7689655172413793,0.777186493258561,0.5514024191270268,4.597684621810913
UCR_ProximalPhalanxOutlineAgeGroup,BURST_GEN_KMedoids_2S,0.392946920253839,0.7871559633027523,0.7201362655153805,0.4140868426858181,9.37077021598816
UCR_InsectWingbeatSound,BURST_GEN_KMedoids_2S,0.06941502344221724,0.18686868686868688,0.5931865394725425,0.2717007784879835,107.28302097320557
UCR_DodgerLoopGame,BURST_GEN_KMedoids_2S,0.25599403496175194,0.8251748251748252,0.6288781640894316,0.2869261804525553,1.4848756790161133
UCR_Yoga,BURST_GEN_KMedoids_2S,-0.0019202150268404642,0.5377104377104377,0.4992700100817312,0.006699514705623217,283.4074532985687
UCR_Lightning2,BURST_GEN_KMedoids_2S,0.022301677010695124,0.6697247706422018,0.5018688413183826,0.11862379012666804,1.242199420928955
UCR_FordB,BURST_GEN_KMedoids_2S,0.0,0.5119940029985007,0.500162815368122,0.0,596.1096568107605
UCR_DistalPhalanxOutlineCorrect,BURST_GEN_KMedoids_2S,0.012314618002040588,0.6451204055766794,0.5051501289944864,0.023964345683282286,19.169300079345703
UCR_PowerCons,BURST_GEN_KMedoids_2S,0.08997911857313855,0.6944444444444444,0.5446814203264152,0.09488809946265514,4.86068058013916
UCR_SwedishLeaf,BURST_GEN_KMedoids_2S,0.05150106209329806,0.18460019743336623,0.4684145632469595,0.2861240807586686,29.99499011039734
UCR_ECGFiveDays,BURST_GEN_KMedoids_2S,0.6568745577186995,0.9522613065326633,0.8285009955437566,0.608705246671372,17.807415008544922
UCR_Wafer,BURST_GEN_KMedoids_2S,0.006757710893680613,0.8929900744416873,0.4203902424849152,0.003381642874559461,893.560804605484
UCR_GesturePebbleZ2,BURST_GEN_KMedoids_2S,0.2542725961044124,0.5912408759124088,0.7989358573300179,0.4464694268331957,3.907039165496826
UCR_InsectEPGSmallTrain,BURST_GEN_KMedoids_2S,0.38915438239975597,0.7791666666666667,0.7231520223152023,0.3936326829422004,4.375287771224976
UCR_Strawberry,BURST_GEN_KMedoids_2S,0.0008199352313780447,0.6519774011299435,0.4875143799371117,0.08188256679930225,23.32507300376892
UCR_MiddlePhalanxOutlineCorrect,BURST_GEN_KMedoids_2S,0.01913440767178636,0.6483790523690773,0.4943010762731125,0.029512929292211127,19.234587907791138
UCR_StarLightCurves,BURST_GEN_KMedoids_2S,0.6714724078979492,0.8566101287140623,0.8314924025787502,0.7487923664729327,2366.8680958747864
UCR_Chinatown,BURST_GEN_KMedoids_2S,0.4158851680830639,0.24012158054711247,0.6855771369263844,0.41752821535967855,3.9661917686462402
UCR_FreezerSmallTrain,BURST_GEN_KMedoids_2S,0.20772291381907465,0.7969895793130065,0.6019750577064356,0.22802768980596394,186.53616905212402
UCR_Haptics,BURST_GEN_KMedoids_2S,0.033366126553957286,0.2949640287769784,0.6078560228740085,0.07426135671606782,13.443481206893921
UCR_ECG200,BURST_GEN_KMedoids_2S,0.16125665064147687,0.7777777777777778,0.5581005586592179,0.12811716627398748,2.033773899078369
UCR_GunPoint,BURST_GEN_KMedoids_2S,0.11953901865309638,0.7833333333333333,0.561018001241465,0.18329106936982026,2.090808629989624
UCR_ToeSegmentation2,BURST_GEN_KMedoids_2S,0.21830669397159919,0.8533333333333334,0.5683221476510067,0.16926784417880258,1.6407394409179688
UCR_FreezerRegularTrain,BURST_GEN_KMedoids_2S,0.16097028808508018,0.7655555555555555,0.5799017468746999,0.2011659027040768,208.4249029159546
UCR_Trace,BURST_GEN_KMedoids_2S,0.5056973654942759,0.7277777777777777,0.8268156424581006,0.5756899809891035,2.299283266067505
UCR_DistalPhalanxOutlineAgeGroup,BURST_GEN_KMedoids_2S,0.39228500074016237,0.8045267489711934,0.698230876925035,0.3537106243897549,8.159071922302246
UCR_MedicalImages,BURST_GEN_KMedoids_2S,0.04785654297134193,0.5248296007789679,0.6108387380872391,0.14789900396502062,28.158891677856445
UCR_ItalyPowerDemand,BURST_GEN_KMedoids_2S,0.03907619874373363,0.6595744680851063,0.5195985951240364,0.13328089275587604,24.454007625579834
UCR_FordA,BURST_GEN_KMedoids_2S,-0.00046593217936467926,0.5141115375931361,0.5000461971203591,0.007787150901131569,730.6628847122192
UCR_MiddlePhalanxOutlineAgeGroup,BURST_GEN_KMedoids_2S,0.2574918450126276,0.6733466933867736,0.6491456809200731,0.2842697171524466,8.17156457901001
UCR_ArrowHead,BURST_GEN_KMedoids_2S,0.13718375787645407,0.5526315789473685,0.6038986354775828,0.2529867220962531,2.4420111179351807
UCR_SonyAIBORobotSurface1,BURST_GEN_KMedoids_2S,0.1669603998711226,0.8103756708407871,0.5804912766653202,0.2591596423928808,9.930088520050049
UCR_ShapeletSim,BURST_GEN_KMedoids_2S,0.09522589805875925,0.7944444444444444,0.5492240844196151,0.21747861940849103,2.3740079402923584